Filename,Distance
image_0001.jpg,20877.93
image_0002.jpg,184153.25
image_0003.jpg,947912.79
image_0004.jpg,8755094.46
image_0005.jpg,455112.73
image_0007.jpg,7464.81
image_0008.jpg,711580.17
image_0009.jpg,9558898.01
image_0010.jpg,492924.99
image_0011.jpg,15705.0
image_0012.jpg,434709.75
image_0013.jpg,112075.59
image_0014.jpg,151613.94
image_0015.jpg,5916677.11
image_0016.jpg,76882.63
image_0017.jpg,1026191.97
image_0018.jpg,2101176.24
image_0019.jpg,163661.41
image_0020.jpg,4518.71
image_0021.jpg,401214.34
image_0022.jpg,4367.09
image_0023.jpg,11842.56
image_0024.jpg,587488.4
image_0025.jpg,53799.86
image_0026.jpg,168323.11
image_0027.jpg,1504331.76
image_0028.jpg,151045.93
image_0029.jpg,75171.4
image_0030.jpg,26755.75
image_0031.jpg,58151.05
image_0032.jpg,24243.51
image_0033.jpg,30382.56
image_0034.jpg,799345.25
image_0035.jpg,1909856.57
image_0036.jpg,89428.8
image_0037.jpg,304190.82
image_0038.jpg,27815.87
image_0039.jpg,900010.13
image_0040.jpg,5072.16
image_0041.jpg,507529.11
image_0042.jpg,184615.01
image_0043.jpg,421798.44
image_0044.jpg,305113.72
image_0045.jpg,226913.8
image_0046.jpg,30388.35
image_0047.jpg,116265.53
image_0048.jpg,151664.09
image_0049.jpg,179020.19
image_0050.jpg,929923.34
image_0051.jpg,151021.29
image_0052.jpg,1330549.6
image_0053.jpg,1533518.6
image_0054.jpg,936117.3
image_0055.jpg,149252.85
image_0056.jpg,53281.03
image_0057.jpg,24098.19
image_0058.jpg,127941.44
image_0059.jpg,2125301.63
image_0060.jpg,15359.48
image_0061.jpg,492371.9
image_0062.jpg,30902.73
image_0063.jpg,58104.76
image_0064.jpg,730940.38
image_0065.jpg,35867.11
image_0066.jpg,7003.18
image_0067.jpg,38235.72
image_0068.jpg,47027.67
image_0069.jpg,227104.52
image_0070.jpg,25819.73
image_0071.jpg,18094.81
image_0072.jpg,241947.5
image_0073.jpg,484982.86
image_0074.jpg,40442.71
image_0075.jpg,22089.97
image_0076.jpg,3699102.26
image_0077.jpg,15723.11
image_0078.jpg,248316.26
image_0079.jpg,6323136.32
image_0080.jpg,293382.43
image_0081.jpg,291175.92
image_0082.jpg,920330.36
image_0083.jpg,440104.06
image_0084.jpg,1400.12
image_0085.jpg,142084.92
image_0086.jpg,23484409.15
image_0087.jpg,3017157.99
image_0088.jpg,126853.84
image_0089.jpg,20521.1
image_0090.jpg,582415.34
image_0091.jpg,400297.37
image_0092.jpg,111704.17
image_0093.jpg,208538.38
image_0094.jpg,214411.81
image_0095.jpg,282090.29
image_0096.jpg,2666.62
image_0097.jpg,11990.27
image_0098.jpg,132575.87
image_0099.jpg,5015.72
image_0100.jpg,500579.95
image_0101.jpg,11158.48
image_0102.jpg,7463837.02
image_0103.jpg,293567.69
image_0104.jpg,3438.93
image_0105.jpg,15293626.37
image_0106.jpg,4970748.72
image_0107.jpg,756199.47
image_0108.jpg,565461.39
image_0109.jpg,1317737.83
image_0110.jpg,180893.21
image_0111.jpg,10546.12
image_0112.jpg,51261.23
image_0113.jpg,798339.64
image_0114.jpg,136425.12
image_0115.jpg,35844.59
image_0116.jpg,178712.96
image_0117.jpg,2352469.92
image_0118.jpg,101806.66
image_0119.jpg,1707988.04
image_0120.jpg,131392.04
image_0121.jpg,202425.98
image_0122.jpg,8157.92
image_0123.jpg,3391188.98
image_0124.jpg,1211124.07
image_0125.jpg,3797637.92
image_0126.jpg,1001477.42
image_0127.jpg,45974.54
image_0128.jpg,6570036.7
image_0129.jpg,811824.82
image_0130.jpg,305461.0
image_0131.jpg,2675596.25
image_0132.jpg,1732980.89
image_0133.jpg,655904.0
image_0134.jpg,2304968.87
image_0135.jpg,78009.34
image_0136.jpg,195314.78
image_0137.jpg,34975.12
image_0138.jpg,13395221.36
image_0139.jpg,423575.44
image_0140.jpg,4046028.0
image_0141.jpg,7662.35
image_0142.jpg,40516.83
image_0143.jpg,3919088.29
image_0144.jpg,363068.22
image_0145.jpg,262710.92
image_0146.jpg,5979962.34
image_0147.jpg,793191.77
image_0148.jpg,142629.2
image_0149.jpg,242073.0
image_0150.jpg,5040912.37
image_0151.jpg,3364113.06
image_0152.jpg,15442306.87
image_0153.jpg,2080745.5
image_0154.jpg,1697351.78
image_0155.jpg,3446019.99
image_0156.jpg,920272.73
image_0157.jpg,2328938.14
image_0158.jpg,24690.49
image_0159.jpg,2293711.34
image_0160.jpg,10879042.94
image_0161.jpg,6365.13
image_0162.jpg,58539.65
image_0163.jpg,78699.41
image_0164.jpg,4861671.69
image_0165.jpg,229211.52
image_0166.jpg,82511.33
image_0167.jpg,151957.61
image_0168.jpg,8243142.93
image_0169.jpg,145658.97
image_0170.jpg,1646635.8
image_0171.jpg,2406.45
image_0172.jpg,1216430.43
image_0173.jpg,18633917.53
image_0174.jpg,310271.7
image_0175.jpg,5329047.51
image_0176.jpg,788352.22
image_0177.jpg,3053377.62
image_0178.jpg,7545682.2
image_0179.jpg,724593.7
image_0180.jpg,162879.94
image_0181.jpg,32169.79
image_0182.jpg,255961.44
image_0183.jpg,18949302.56
image_0184.jpg,246286.73
image_0185.jpg,380384.54
image_0186.jpg,789251.32
image_0187.jpg,3681597.3
image_0188.jpg,3568905.43
image_0189.jpg,10069191.34
image_0190.jpg,1769028.27
image_0191.jpg,97367.82
image_0192.jpg,11437863.02
image_0193.jpg,1666.62
image_0194.jpg,981413.84
image_0195.jpg,7367732.42
image_0196.jpg,4236609.67
image_0197.jpg,76795.71
image_0198.jpg,255973.34
image_0199.jpg,17675.23
image_0200.jpg,261740.17
image_0201.jpg,21597230.9
image_0202.jpg,330670.41
image_0203.jpg,537546.73
image_0204.jpg,3441508.12
image_0205.jpg,277726.72
image_0206.jpg,1718064.8
image_0207.jpg,5983.09
image_0208.jpg,25645.87
image_0209.jpg,26123591.63
image_0210.jpg,21650.93
image_0211.jpg,170674.77
image_0212.jpg,7045974.08
image_0213.jpg,6484.76
image_0214.jpg,1180256.98
image_0215.jpg,1562662.6
image_0216.jpg,111880.91
image_0217.jpg,23532914.13
image_0218.jpg,2167729.84
image_0219.jpg,1465440.64
image_0220.jpg,17400472.53
image_0221.jpg,17398810.6
image_0222.jpg,23857.95
image_0223.jpg,1115645.36
image_0224.jpg,1665841.65
image_0225.jpg,5164774.99
image_0226.jpg,20750584.73
image_0227.jpg,1207096.1
image_0228.jpg,347015.2
image_0229.jpg,22844378.07
image_0230.jpg,1442337.37
image_0231.jpg,563438.47
image_0232.jpg,2399011.85
image_0233.jpg,380932.22
image_0234.jpg,136482.59
image_0235.jpg,217191.95
image_0236.jpg,931948.38
image_0237.jpg,1309607.29
image_0238.jpg,1811744.95
image_0239.jpg,40190.25
image_0240.jpg,2735340.14
image_0241.jpg,4973135.97
image_0242.jpg,20867501.48
image_0243.jpg,21656362.44
image_0244.jpg,32966994.42
image_0245.jpg,37115.45
image_0246.jpg,11511.4
image_0247.jpg,8672469.06
image_0248.jpg,10225398.14
image_0249.jpg,722067.65
image_0250.jpg,1158551.84
image_0251.jpg,572715.21
image_0252.jpg,156188.47
image_0253.jpg,1201469.78
image_0254.jpg,17366381.5
image_0255.jpg,10701884.54
image_0256.jpg,1369368.2
image_0257.jpg,3079.65
image_0258.jpg,181756.58
image_0259.jpg,5685.88
image_0260.jpg,10090185.84
image_0261.jpg,37975.09
image_0262.jpg,6553869.8
image_0263.jpg,1269738.87
image_0264.jpg,789544.85
image_0265.jpg,481153.05
image_0266.jpg,419682.58
image_0267.jpg,664074.1
image_0268.jpg,1012266.5
image_0269.jpg,1562299.31
image_0270.jpg,2065244.3
image_0271.jpg,306930.97
image_0272.jpg,4761001.46
image_0273.jpg,1170692.88
image_0274.jpg,22745598.09
image_0275.jpg,11553244.02
image_0276.jpg,319551.61
image_0277.jpg,219225.89
image_0278.jpg,240992.08
image_0279.jpg,4467696.89
image_0280.jpg,22389197.69
image_0281.jpg,17606177.73
image_0282.jpg,381191.64
image_0283.jpg,3980742.26
image_0284.jpg,31665626.24
image_0285.jpg,8498179.75
image_0286.jpg,11611124.86
image_0287.jpg,10437753.81
image_0288.jpg,810868.51
image_0289.jpg,2511327.23
image_0290.jpg,4958601.93
image_0291.jpg,1955.52
image_0292.jpg,270565.75
image_0293.jpg,20839639.95
image_0294.jpg,28098409.74
image_0295.jpg,20103948.31
image_0296.jpg,111073.09
image_0297.jpg,198493.84
image_0298.jpg,490356.32
image_0299.jpg,615726.23
image_0300.jpg,138197.55
image_0301.jpg,9259370.61
image_0302.jpg,1764291.27
image_0303.jpg,573052.34
image_0304.jpg,2102018.74
image_0305.jpg,587602.71
image_0306.jpg,430991.91
image_0307.jpg,959408.54
image_0308.jpg,1371411.05
image_0309.jpg,11454291.1
image_0310.jpg,18596297.93
image_0311.jpg,8288909.87
image_0312.jpg,4575474.47
image_0313.jpg,6029163.84
image_0314.jpg,484632.96
image_0315.jpg,126489.69
image_0316.jpg,1632.63
image_0317.jpg,17001259.04
image_0318.jpg,159769.76
image_0319.jpg,265787.79
image_0320.jpg,6395616.0
image_0321.jpg,6170949.43
image_0322.jpg,75043.21
image_0323.jpg,1153802.53
image_0324.jpg,8154.06
image_0325.jpg,6389641.02
image_0326.jpg,19163.03
image_0327.jpg,28725.24
image_0328.jpg,2416517.61
image_0329.jpg,320663.38
image_0330.jpg,1609106.92
image_0331.jpg,3825320.37
image_0332.jpg,62355.72
image_0333.jpg,4390.41
image_0334.jpg,50985.99
image_0335.jpg,238571.55
image_0336.jpg,10360.65
image_0337.jpg,734319.1
image_0338.jpg,208334.8
image_0339.jpg,1021353.85
image_0340.jpg,2508431.95
image_0341.jpg,1261018.5
image_0342.jpg,903913.89
image_0343.jpg,322520.58
image_0344.jpg,288786.43
image_0345.jpg,17984.54
image_0346.jpg,464098.95
image_0347.jpg,348596.27
image_0348.jpg,1128332.55
image_0349.jpg,64710.16
image_0350.jpg,601618.32
image_0351.jpg,17516838.2
image_0352.jpg,142007.19
image_0353.jpg,508111.1
image_0354.jpg,417456.3
image_0355.jpg,3684606.49
image_0356.jpg,3469929.69
image_0357.jpg,2166023.82
image_0358.jpg,19817.81
image_0359.jpg,226917.92
image_0360.jpg,795065.68
image_0361.jpg,257346.91
image_0362.jpg,1584037.45
image_0363.jpg,30330.65
image_0364.jpg,1288625.77
image_0365.jpg,20693.35
image_0366.jpg,124080.89
image_0367.jpg,10100784.19
image_0368.jpg,5851003.26
image_0369.jpg,2857438.62
image_0370.jpg,1445764.83
image_0371.jpg,1314072.64
image_0372.jpg,2244310.32
image_0373.jpg,2418003.61
image_0374.jpg,1910952.98
image_0375.jpg,30098.38
image_0376.jpg,991393.29
image_0377.jpg,3775232.85
image_0378.jpg,1104081.1
image_0379.jpg,3208170.52
image_0380.jpg,883965.55
image_0381.jpg,9500459.2
image_0382.jpg,63820.34
image_0383.jpg,70122.76
image_0384.jpg,328527.52
image_0385.jpg,1559890.1
image_0386.jpg,84430.16
image_0387.jpg,775398.03
image_0388.jpg,193975.52
image_0389.jpg,549762.7
image_0390.jpg,6618589.35
image_0391.jpg,206987.07
image_0392.jpg,205510.78
image_0393.jpg,461292.34
image_0394.jpg,1037267.5
image_0395.jpg,374080.9
image_0396.jpg,161793.86
image_0397.jpg,6690716.22
image_0398.jpg,615827.91
image_0399.jpg,15105224.5
image_0400.jpg,799776.58
image_0401.jpg,1119476.7
image_0402.jpg,38537403.07
image_0403.jpg,3004469.55
image_0404.jpg,520873.51
image_0405.jpg,27349036.88
image_0406.jpg,6969192.03
image_0407.jpg,2213496.12
image_0408.jpg,5014156.77
image_0409.jpg,34330081.63
image_0410.jpg,3128560.49
image_0411.jpg,26283.64
image_0412.jpg,1587870.57
image_0413.jpg,599221.96
image_0414.jpg,44156398.43
image_0415.jpg,3130964.6
image_0416.jpg,619167.78
image_0417.jpg,11838228.96
image_0418.jpg,833319.72
image_0419.jpg,8023802.97
image_0420.jpg,60314.0
image_0421.jpg,129525.56
image_0422.jpg,3073611.32
image_0423.jpg,394382.24
image_0424.jpg,525153.59
image_0425.jpg,587539.95
image_0426.jpg,13485100.79
image_0427.jpg,30575020.88
image_0428.jpg,6760829.65
image_0429.jpg,13264383.21
image_0430.jpg,4662826.76
image_0431.jpg,22155733.25
image_0432.jpg,51445.33
image_0433.jpg,669121.21
image_0434.jpg,26224965.52
image_0435.jpg,4890994.36
image_0436.jpg,501414.05
image_0437.jpg,26158967.26
image_0438.jpg,34066892.13
image_0439.jpg,20259866.77
image_0440.jpg,1815157.24
image_0441.jpg,879399.61
image_0442.jpg,25067.85
image_0443.jpg,525154.14
image_0444.jpg,430883.28
image_0445.jpg,4486185.56
image_0446.jpg,833285.52
image_0447.jpg,129564.24
image_0448.jpg,8148346.8
image_0449.jpg,267814.41
image_0450.jpg,1873516.79
image_0451.jpg,72913.43
image_0452.jpg,4973.49
image_0453.jpg,20261422.78
image_0454.jpg,2762576.18
image_0455.jpg,3130414.51
image_0456.jpg,599324.33
image_0457.jpg,42454.6
image_0458.jpg,957744.71
image_0459.jpg,30566580.76
image_0460.jpg,13286637.96
image_0461.jpg,1026.36
image_0462.jpg,3868849.23
image_0463.jpg,34158555.41
image_0464.jpg,44161867.23
image_0465.jpg,89102.95
image_0466.jpg,1654185.25
image_0467.jpg,26231869.65
image_0468.jpg,26278.09
image_0469.jpg,3073251.38
image_0470.jpg,669152.09
image_0471.jpg,501271.24
image_0472.jpg,38522106.09
image_0473.jpg,586615.84
image_0474.jpg,26160564.9
image_0475.jpg,3004712.26
image_0476.jpg,27346376.72
image_0477.jpg,20970251.92
image_0478.jpg,17144147.76
image_0479.jpg,310533.74
image_0480.jpg,14033677.61
image_0481.jpg,4995662.23
image_0482.jpg,679972.52
image_0483.jpg,289360.0
image_0484.jpg,7954108.67
image_0485.jpg,44949.49
image_0486.jpg,3198531.69
image_0487.jpg,173894.31
image_0488.jpg,2881073.5
image_0489.jpg,1470561.62
image_0490.jpg,40683.55
image_0491.jpg,527145.26
image_0492.jpg,18820771.21
image_0493.jpg,320731.11
image_0494.jpg,409593.08
image_0495.jpg,313632.76
image_0496.jpg,417871.77
image_0497.jpg,103098.28
image_0498.jpg,7789913.39
image_0499.jpg,220652.4
image_0500.jpg,26223.48
image_0501.jpg,131686.08
image_0502.jpg,3186436.44
image_0503.jpg,301048.14
image_0504.jpg,3742780.5
image_0505.jpg,9416483.17
image_0506.jpg,3563588.02
image_0507.jpg,1167435.47
image_0508.jpg,1260853.92
image_0509.jpg,886532.16
image_0510.jpg,19422.12
image_0511.jpg,544593.09
image_0512.jpg,2729143.53
image_0513.jpg,286769.4
image_0514.jpg,6131785.41
image_0515.jpg,1117230.95
image_0516.jpg,13272586.8
image_0517.jpg,4471028.28
image_0518.jpg,4795773.5
image_0519.jpg,34892.89
image_0520.jpg,9381712.01
image_0521.jpg,12644684.36
image_0522.jpg,2578317.44
image_0523.jpg,5827873.06
image_0524.jpg,856963.14
image_0525.jpg,12526699.56
image_0526.jpg,14171.3
image_0527.jpg,394577.77
image_0528.jpg,46742.85
image_0529.jpg,148868.9
image_0530.jpg,18083.31
image_0531.jpg,8486501.8
image_0532.jpg,6641208.23
image_0533.jpg,1889104.47
image_0534.jpg,219808.31
image_0535.jpg,29577.1
image_0536.jpg,7545884.98
image_0537.jpg,614858.15
image_0538.jpg,4426744.57
image_0539.jpg,19704271.08
image_0540.jpg,647297.81
image_0541.jpg,1713336.19
image_0542.jpg,4568552.7
image_0543.jpg,367197.94
image_0544.jpg,480486.66
image_0545.jpg,3626.96
image_0546.jpg,2565892.99
image_0547.jpg,3559338.0
image_0548.jpg,4514328.76
image_0549.jpg,46716.36
image_0550.jpg,2121553.08
image_0551.jpg,123676.22
image_0552.jpg,589905.98
image_0553.jpg,587466.6
image_0554.jpg,334554.28
image_0555.jpg,247537.89
image_0556.jpg,343199.6
image_0557.jpg,2069.36
image_0558.jpg,290509.75
image_0559.jpg,26848011.55
image_0560.jpg,882112.43
image_0561.jpg,878620.44
image_0562.jpg,15940.62
image_0563.jpg,199433.37
image_0564.jpg,168473.77
image_0565.jpg,57457.86
image_0566.jpg,5063.81
image_0567.jpg,164286.08
image_0568.jpg,309079.34
image_0569.jpg,62257.07
image_0570.jpg,206330.06
image_0571.jpg,291569.39
image_0572.jpg,5858809.54
image_0573.jpg,260534.69
image_0574.jpg,3407165.55
image_0575.jpg,16468.08
image_0576.jpg,14021.4
image_0577.jpg,21589821.15
image_0578.jpg,1449436.25
image_0579.jpg,1933928.92
image_0580.jpg,175217.9
image_0581.jpg,209490.58
image_0582.jpg,70925.68
image_0583.jpg,374961.5
image_0584.jpg,2025507.71
image_0585.jpg,135420.81
image_0586.jpg,510017.47
image_0587.jpg,1951.39
image_0588.jpg,12187.9
image_0589.jpg,8453681.27
image_0590.jpg,202031.05
image_0591.jpg,964.05
image_0592.jpg,804925.99
image_0593.jpg,8779.01
image_0594.jpg,9389.13
image_0595.jpg,102782.69
image_0596.jpg,40605.37
image_0597.jpg,2385.42
image_0598.jpg,9646.18
image_0599.jpg,425216.39
image_0600.jpg,1588330.69
image_0601.jpg,762679.37
image_0602.jpg,45736.81
image_0603.jpg,584415.13
image_0604.jpg,1238225.34
image_0605.jpg,1509164.8
image_0606.jpg,5811249.56
image_0607.jpg,1729926.44
image_0608.jpg,2881577.24
image_0609.jpg,607565.94
image_0610.jpg,207181.58
image_0611.jpg,527675.28
image_0612.jpg,4425.73
image_0613.jpg,2051666.71
image_0614.jpg,10545.47
image_0615.jpg,17520753.95
image_0616.jpg,194410.98
image_0617.jpg,1348081.49
image_0618.jpg,17540023.54
image_0619.jpg,118408.6
image_0620.jpg,437872.3
image_0621.jpg,2134380.81
image_0622.jpg,2362020.7
image_0623.jpg,5331832.7
image_0624.jpg,1092266.99
image_0625.jpg,596413.08
image_0626.jpg,5759141.17
image_0627.jpg,301097.88
image_0628.jpg,621120.49
image_0629.jpg,2313728.0
image_0630.jpg,35880082.17
image_0631.jpg,22313174.02
image_0632.jpg,26595730.77
image_0633.jpg,1420503.09
image_0634.jpg,4764742.76
image_0635.jpg,84885.8
image_0636.jpg,584717.59
image_0637.jpg,690691.01
image_0638.jpg,25865.02
image_0639.jpg,938858.95
image_0640.jpg,1615437.44
image_0641.jpg,1978022.76
image_0642.jpg,14476620.72
image_0643.jpg,1345836.99
image_0644.jpg,2365422.07
image_0645.jpg,11255017.42
image_0646.jpg,7125240.21
image_0647.jpg,273445.89
image_0648.jpg,3743719.98
image_0649.jpg,9772645.81
image_0650.jpg,2166534.35
image_0651.jpg,3550010.46
image_0652.jpg,3211159.58
image_0653.jpg,1656325.0
image_0654.jpg,1670652.92
image_0655.jpg,18776994.55
image_0656.jpg,10757604.96
image_0657.jpg,4549668.18
image_0658.jpg,10441908.14
image_0659.jpg,5670413.55
image_0660.jpg,24082225.64
image_0661.jpg,27522161.72
image_0662.jpg,3381786.08
image_0663.jpg,33948319.65
image_0664.jpg,24705565.07
image_0665.jpg,5202285.14
image_0666.jpg,28692693.8
image_0667.jpg,3224889.81
image_0668.jpg,173931.66
image_0669.jpg,81721.09
image_0670.jpg,4299406.13
image_0671.jpg,617433.27
image_0672.jpg,1605754.42
image_0673.jpg,4125462.6
image_0674.jpg,2445915.04
image_0675.jpg,24428642.3
image_0676.jpg,82053.45
image_0677.jpg,1329581.19
image_0678.jpg,3387419.91
image_0679.jpg,5703016.01
image_0680.jpg,5741098.06
image_0681.jpg,13094323.67
image_0682.jpg,524334.36
image_0683.jpg,1223436.65
image_0684.jpg,13239.72
image_0685.jpg,871073.93
image_0686.jpg,166138.64
image_0687.jpg,28748678.83
image_0688.jpg,117150.69
image_0689.jpg,44723.83
image_0690.jpg,3027335.67
image_0691.jpg,3259992.45
image_0692.jpg,36892.04
image_0693.jpg,253243.03
image_0694.jpg,2225355.42
image_0695.jpg,443772.22
image_0696.jpg,134433.87
image_0697.jpg,44484.06
image_0698.jpg,2460602.92
image_0699.jpg,1431300.98
image_0700.jpg,2815971.08
image_0701.jpg,31470615.36
image_0702.jpg,26644229.1
image_0703.jpg,3353735.35
image_0704.jpg,17018731.17
image_0705.jpg,43727.38
image_0706.jpg,966004.09
image_0707.jpg,5018603.66
image_0708.jpg,14026048.38
image_0709.jpg,2792724.2
image_0710.jpg,615955.29
image_0711.jpg,3589127.94
image_0712.jpg,2296998.92
image_0713.jpg,220186.22
image_0714.jpg,686973.58
image_0715.jpg,288541.27
image_0716.jpg,615994.94
image_0717.jpg,2486545.45
image_0718.jpg,272676.92
image_0719.jpg,106995.66
image_0720.jpg,5259.17
image_0721.jpg,1181426.25
image_0722.jpg,522023.65
image_0723.jpg,315515.75
image_0724.jpg,219402.73
image_0725.jpg,13338913.99
image_0726.jpg,488977.04
image_0727.jpg,18461.93
image_0728.jpg,17528322.98
image_0729.jpg,461989.86
image_0730.jpg,1978123.99
image_0731.jpg,331056.73
image_0732.jpg,2181093.89
image_0733.jpg,2766760.11
image_0734.jpg,167854.77
image_0735.jpg,1488848.69
image_0736.jpg,87902.96
image_0737.jpg,800424.81
image_0738.jpg,241138.66
image_0739.jpg,18434.43
image_0740.jpg,263192.44
image_0741.jpg,31808.99
image_0742.jpg,302313.83
image_0743.jpg,1222158.61
image_0744.jpg,16538142.63
image_0745.jpg,2569653.43
image_0746.jpg,1178439.41
image_0747.jpg,285939.65
image_0748.jpg,1743704.67
image_0749.jpg,619504.84
image_0750.jpg,290830.93
image_0751.jpg,322753.86
image_0752.jpg,277485.36
image_0753.jpg,60332.27
image_0754.jpg,371583.6
image_0755.jpg,811784.76
image_0756.jpg,134112.75
image_0757.jpg,1411773.31
image_0758.jpg,1711866.64
image_0759.jpg,2116276.3
image_0760.jpg,395549.08
image_0761.jpg,277962.4
image_0762.jpg,1153746.88
image_0763.jpg,469405.94
image_0764.jpg,541444.31
image_0765.jpg,328778.69
image_0766.jpg,169366.88
image_0767.jpg,331844.93
image_0768.jpg,809695.23
image_0769.jpg,367068.94
image_0770.jpg,748582.96
image_0771.jpg,1810198.64
image_0772.jpg,6107704.3
image_0773.jpg,133799.25
image_0774.jpg,750600.66
image_0775.jpg,292673.55
image_0776.jpg,1194270.35
image_0777.jpg,134247.5
image_0778.jpg,298215.41
image_0779.jpg,152455.36
image_0780.jpg,44516377.55
image_0781.jpg,854524.55
image_0782.jpg,3756450.63
image_0783.jpg,1431585.35
image_0784.jpg,68588.7
image_0785.jpg,251626.71
image_0786.jpg,1417982.77
image_0787.jpg,410108.12
image_0788.jpg,3709602.66
image_0789.jpg,1444942.82
image_0790.jpg,59809.0
image_0791.jpg,40130.99
image_0792.jpg,1965071.29
image_0793.jpg,1060874.58
image_0794.jpg,183155.98
image_0795.jpg,129710.44
image_0796.jpg,166780.24
image_0797.jpg,23274.27
image_0798.jpg,62355.34
image_0799.jpg,2131312.71
image_0800.jpg,87430.29
image_0801.jpg,4631.96
image_0802.jpg,7732.04
image_0803.jpg,49645.82
image_0804.jpg,12891.43
image_0805.jpg,5879.83
image_0806.jpg,86531.04
image_0807.jpg,29952.84
image_0808.jpg,67581.69
image_0809.jpg,126141.99
image_0810.jpg,22417.78
image_0811.jpg,5158.68
image_0812.jpg,114506.43
image_0813.jpg,98593.78
image_0814.jpg,416905.69
image_0815.jpg,833135.08
image_0816.jpg,10103.25
image_0817.jpg,6745.68
image_0818.jpg,19451.76
image_0819.jpg,34384.46
image_0820.jpg,3312.37
image_0821.jpg,476929.12
image_0822.jpg,1493.6
image_0823.jpg,26909.25
image_0824.jpg,175874.3
image_0825.jpg,185526.91
image_0826.jpg,10615.87
image_0827.jpg,595249.38
image_0828.jpg,12918.62
image_0829.jpg,639299.82
image_0830.jpg,197447.53
image_0831.jpg,106053.1
image_0832.jpg,63066.2
image_0833.jpg,45012.88
image_0834.jpg,922649.33
image_0835.jpg,1265322.67
image_0836.jpg,4762.1
image_0837.jpg,665065.24
image_0838.jpg,142558.88
image_0839.jpg,638186.94
image_0840.jpg,519677.37
image_0841.jpg,7732.02
image_0842.jpg,326255.2
image_0843.jpg,20139.63
image_0844.jpg,54938.44
image_0845.jpg,1099.81
image_0846.jpg,462452.56
image_0847.jpg,477609.94
image_0848.jpg,12897.61
image_0849.jpg,24557.73
image_0850.jpg,26940.16
image_0851.jpg,197288.13
image_0852.jpg,36320.23
image_0853.jpg,63065.25
image_0854.jpg,169243.27
image_0855.jpg,3316.29
image_0856.jpg,5188.99
image_0857.jpg,17923249.7
image_0858.jpg,8906.86
image_0859.jpg,3746.43
image_0860.jpg,44963.36
image_0861.jpg,265260.14
image_0862.jpg,4770.14
image_0863.jpg,645397.58
image_0864.jpg,1483883.8
image_0865.jpg,91847.34
image_0866.jpg,142652.95
image_0867.jpg,11022.32
image_0868.jpg,34587.78
image_0869.jpg,484131.8
image_0870.jpg,160222.84
image_0871.jpg,591614.66
image_0872.jpg,392261.08
image_0873.jpg,25925.84
image_0874.jpg,787.83
image_0875.jpg,10480.79
image_0876.jpg,9725.69
image_0877.jpg,557812.46
image_0878.jpg,2882.54
image_0879.jpg,371435.93
image_0880.jpg,93137.34
image_0881.jpg,347898.59
image_0882.jpg,14365456.75
image_0883.jpg,71582.01
image_0884.jpg,344258.69
image_0885.jpg,604043.77
image_0886.jpg,148128.48
image_0887.jpg,291626.7
image_0888.jpg,1075885.86
image_0889.jpg,4368560.1
image_0890.jpg,2871677.7
image_0891.jpg,539644.67
image_0892.jpg,267179.05
image_0893.jpg,1972506.53
image_0894.jpg,979.54
image_0895.jpg,406524.03
image_0896.jpg,11182.21
image_0897.jpg,356437.53
image_0898.jpg,1343039.82
image_0899.jpg,363407.27
image_0900.jpg,127673.74
image_0901.jpg,38956.26
image_0902.jpg,43331.09
image_0903.jpg,199950.1
image_0904.jpg,43936.95
image_0905.jpg,26596.27
image_0906.jpg,2837005.1
image_0907.jpg,2218954.98
image_0908.jpg,3703006.28
image_0909.jpg,133668.55
image_0910.jpg,4400.46
image_0911.jpg,930742.35
image_0912.jpg,12261.33
image_0913.jpg,70576.58
image_0914.jpg,80814.0
image_0915.jpg,2906065.83
image_0916.jpg,174824.92
image_0917.jpg,320765.94
image_0918.jpg,25199.54
image_0919.jpg,34110.48
image_0920.jpg,284156.54
image_0921.jpg,14352932.34
image_0922.jpg,361855.03
image_0923.jpg,2178887.0
image_0924.jpg,189990.01
image_0925.jpg,34623.1
image_0926.jpg,2837858.74
image_0927.jpg,1070824.51
image_0928.jpg,1274777.08
image_0929.jpg,1971137.5
image_0930.jpg,3698993.62
image_0931.jpg,1240578.84
image_0932.jpg,3704075.91
image_0933.jpg,98888.09
image_0934.jpg,98322.57
image_0935.jpg,138629.76
image_0936.jpg,691223.06
image_0937.jpg,4368.16
image_0938.jpg,19313.21
image_0939.jpg,22532.08
image_0940.jpg,664159.45
image_0941.jpg,364225.21
image_0942.jpg,20496.71
image_0943.jpg,878618.21
image_0944.jpg,315119.97
image_0945.jpg,614133.37
image_0946.jpg,2367349.08
image_0947.jpg,27090.0
image_0948.jpg,697.14
image_0949.jpg,42507.46
image_0950.jpg,939731.88
image_0951.jpg,326234.4
image_0952.jpg,579941.93
image_0953.jpg,2715655.6
image_0954.jpg,2196687.28
image_0955.jpg,2048.25
image_0956.jpg,1135307.81
image_0957.jpg,2757794.63
image_0958.jpg,752041.52
image_0959.jpg,264562.25
image_0960.jpg,2154542.39
image_0961.jpg,3559467.74
image_0962.jpg,68610.33
image_0963.jpg,104333.97
image_0964.jpg,48850.84
image_0965.jpg,3943022.51
image_0966.jpg,121615.54
image_0967.jpg,99116.11
image_0968.jpg,3715776.74
image_0969.jpg,613998.52
image_0970.jpg,4955117.33
image_0971.jpg,1521806.62
image_0972.jpg,8024800.95
image_0973.jpg,6275342.42
image_0974.jpg,31973.73
image_0975.jpg,72503.31
image_0976.jpg,19675651.52
image_0977.jpg,414249.42
image_0978.jpg,42805.46
image_0979.jpg,6833153.09
image_0980.jpg,991998.61
image_0981.jpg,1196011.82
image_0982.jpg,164608.46
image_0983.jpg,1821528.51
image_0984.jpg,1296110.35
image_0985.jpg,1295895.89
image_0986.jpg,576519.33
image_0987.jpg,116114.27
image_0988.jpg,452965.41
image_0989.jpg,331108.15
image_0990.jpg,72424.36
image_0991.jpg,3760024.37
image_0992.jpg,14060.51
image_0993.jpg,33052.45
image_0994.jpg,10097.42
image_0995.jpg,207323.36
image_0996.jpg,99272.65
image_0997.jpg,234399.64
image_0998.jpg,1712612.28
image_0999.jpg,21377.96
image_1000.jpg,767406.2
image_1001.jpg,21852898.54
image_1002.jpg,68587.31
image_1003.jpg,59238.76
image_1004.jpg,331341.97
image_1005.jpg,10720620.64
image_1006.jpg,759.88
image_1007.jpg,572852.82
image_1008.jpg,453033.77
image_1009.jpg,2482439.31
image_1010.jpg,59893.53
image_1011.jpg,14061.69
image_1012.jpg,110254.91
image_1013.jpg,2348.75
image_1014.jpg,19848.11
image_1015.jpg,4042.24
image_1016.jpg,4111635.16
image_1017.jpg,164568.21
image_1018.jpg,32930.1
image_1019.jpg,562960.82
image_1020.jpg,201986.17
image_1021.jpg,18537450.88
image_1022.jpg,183785.23
image_1023.jpg,85347.03
image_1024.jpg,765939.87
image_1025.jpg,4563367.69
image_1026.jpg,51109.94
image_1027.jpg,1071535.98
image_1028.jpg,4348520.34
image_1029.jpg,40424.64
image_1030.jpg,9388739.45
image_1031.jpg,1257.66
image_1032.jpg,3936539.09
image_1033.jpg,1151140.74
image_1034.jpg,343357.6
image_1035.jpg,304176.33
image_1036.jpg,12995.44
image_1037.jpg,144593.83
image_1038.jpg,463867.13
image_1039.jpg,679644.64
image_1040.jpg,296670.7
image_1041.jpg,548781.12
image_1042.jpg,3270041.88
image_1043.jpg,1167979.65
image_1044.jpg,86513.81
image_1045.jpg,138000.36
image_1046.jpg,12035421.89
image_1047.jpg,8594091.64
image_1048.jpg,779362.21
image_1049.jpg,3046304.29
image_1050.jpg,3534560.88
image_1051.jpg,6419271.24
image_1052.jpg,471112.2
image_1053.jpg,5296393.34
image_1054.jpg,6595336.08
image_1055.jpg,551429.2
image_1056.jpg,10459110.82
image_1057.jpg,482120.99
image_1058.jpg,45626.43
image_1059.jpg,1351249.33
image_1060.jpg,1053707.41
image_1061.jpg,2644051.54
image_1062.jpg,522077.81
image_1063.jpg,4116572.58
image_1064.jpg,1477373.38
image_1065.jpg,331832.03
image_1066.jpg,104082.25
image_1067.jpg,887800.21
image_1068.jpg,115390.46
image_1069.jpg,633577.25
image_1070.jpg,7541113.2
image_1071.jpg,9014182.85
image_1072.jpg,5480.44
image_1073.jpg,3582880.77
image_1074.jpg,3646006.21
image_1075.jpg,469314.15
image_1076.jpg,599782.82
image_1077.jpg,1053732.77
image_1078.jpg,1970703.18
image_1079.jpg,6105693.35
image_1080.jpg,440532.68
image_1081.jpg,2522368.51
image_1082.jpg,303996.52
image_1083.jpg,1793489.96
image_1084.jpg,19071724.4
image_1085.jpg,5672532.34
image_1086.jpg,2843316.13
image_1087.jpg,1042906.38
image_1088.jpg,31568.65
image_1089.jpg,183710.45
image_1090.jpg,1683030.99
image_1091.jpg,3491912.14
image_1092.jpg,36001093.35
image_1093.jpg,18568180.51
image_1094.jpg,802289.71
image_1095.jpg,15745463.1
image_1096.jpg,9887333.9
image_1097.jpg,228863.36
image_1098.jpg,12335.25
image_1099.jpg,885744.8
image_1100.jpg,24409010.78
image_1101.jpg,2736428.52
image_1102.jpg,1776479.81
image_1103.jpg,577696.8
image_1104.jpg,4881163.86
image_1105.jpg,321936.97
image_1106.jpg,2425948.89
image_1107.jpg,254227.3
image_1108.jpg,77204.81
image_1109.jpg,3979441.07
image_1110.jpg,510823.99
image_1111.jpg,684239.96
image_1112.jpg,23383.13
image_1113.jpg,78903.22
image_1114.jpg,448345.87
image_1115.jpg,98737.53
image_1116.jpg,1662175.84
image_1117.jpg,572783.52
image_1118.jpg,948488.97
image_1119.jpg,4342918.5
image_1120.jpg,6052410.27
image_1121.jpg,11155.42
image_1122.jpg,4198752.39
image_1123.jpg,1650601.53
image_1124.jpg,129164.9
image_1125.jpg,1004316.76
image_1126.jpg,7382.93
image_1127.jpg,4728536.06
image_1128.jpg,3091156.43
image_1129.jpg,14734.15
image_1130.jpg,10443391.6
image_1131.jpg,1575725.68
image_1132.jpg,205023.92
image_1133.jpg,120276.93
image_1134.jpg,32794.13
image_1135.jpg,123284.12
image_1136.jpg,224912.0
image_1137.jpg,81280.27
image_1138.jpg,282558.49
image_1139.jpg,791768.57
image_1140.jpg,2021894.55
image_1141.jpg,2313419.08
image_1142.jpg,18167.95
image_1143.jpg,5730643.65
image_1144.jpg,3265070.34
image_1145.jpg,54252.09
image_1146.jpg,96235.14
image_1147.jpg,1411818.11
image_1148.jpg,108656.21
image_1149.jpg,232416.91
image_1150.jpg,477028.34
image_1151.jpg,4054.51
image_1152.jpg,16492823.11
image_1153.jpg,176395.34
image_1154.jpg,418259.07
image_1155.jpg,7997.9
image_1156.jpg,521953.84
image_1157.jpg,113937.98
image_1158.jpg,52206.78
image_1159.jpg,3745813.22
image_1160.jpg,4327213.42
image_1161.jpg,155144.74
image_1162.jpg,4189546.75
image_1163.jpg,86571.17
image_1164.jpg,5731.69
image_1165.jpg,98290.92
image_1166.jpg,10271.77
image_1167.jpg,384853.27
image_1168.jpg,476856.98
image_1169.jpg,452510.93
image_1170.jpg,4056.8
image_1171.jpg,16496285.68
image_1172.jpg,1859352.94
image_1173.jpg,417613.9
image_1174.jpg,3857927.6
image_1175.jpg,1574619.65
image_1176.jpg,18154.58
image_1177.jpg,1653416.83
image_1178.jpg,3156359.72
image_1179.jpg,3543722.7
image_1180.jpg,17031592.22
image_1181.jpg,155724.48
image_1182.jpg,12296699.29
image_1183.jpg,482147.77
image_1184.jpg,43487.48
image_1185.jpg,17448040.02
image_1186.jpg,1506597.51
image_1187.jpg,837992.72
image_1188.jpg,1247828.98
image_1189.jpg,4629800.87
image_1190.jpg,315556.46
image_1191.jpg,87855.57
image_1192.jpg,6144545.02
image_1193.jpg,42516.45
image_1194.jpg,2087494.17
image_1195.jpg,311760.44
image_1196.jpg,531599.14
image_1197.jpg,648018.83
image_1198.jpg,493175.72
image_1199.jpg,594052.13
image_1200.jpg,83707.41
image_1201.jpg,5571.31
image_1202.jpg,149641.77
image_1203.jpg,2154268.47
image_1204.jpg,479586.97
image_1205.jpg,404231.96
image_1206.jpg,777721.15
image_1207.jpg,23596.45
image_1208.jpg,310992.16
image_1209.jpg,84698.67
image_1210.jpg,25391.14
image_1211.jpg,35499.07
image_1212.jpg,13571071.22
image_1213.jpg,46343.4
image_1214.jpg,64906.74
image_1215.jpg,74064.19
image_1216.jpg,210296.8
image_1217.jpg,424280.39
image_1218.jpg,252330.28
image_1219.jpg,511381.72
image_1220.jpg,22349.94
image_1221.jpg,824142.27
image_1222.jpg,45258.12
image_1223.jpg,198868.25
image_1224.jpg,1455304.43
image_1225.jpg,547771.77
image_1226.jpg,20996.3
image_1227.jpg,681966.26
image_1228.jpg,1825943.16
image_1229.jpg,75448.21
image_1230.jpg,260923.17
image_1231.jpg,50580.86
image_1232.jpg,1128836.67
image_1233.jpg,272947.47
image_1234.jpg,1580609.39
image_1235.jpg,49623.33
image_1236.jpg,3719.37
image_1237.jpg,3008766.66
image_1238.jpg,736366.62
image_1239.jpg,8045.46
image_1240.jpg,1427056.32
image_1241.jpg,139864.78
image_1242.jpg,178512.38
image_1243.jpg,70857.83
image_1244.jpg,907593.78
image_1245.jpg,64860.42
image_1246.jpg,23851.7
image_1247.jpg,5027082.5
image_1248.jpg,20989.04
image_1249.jpg,179050.54
image_1250.jpg,828358.11
image_1251.jpg,1098194.61
image_1252.jpg,1168704.73
image_1253.jpg,70613.5
image_1254.jpg,288313.44
image_1255.jpg,479472.53
image_1256.jpg,2502190.7
image_1257.jpg,163821.63
image_1258.jpg,3658.14
image_1259.jpg,103397.46
image_1260.jpg,86125.33
image_1261.jpg,18228803.75
image_1262.jpg,48273.45
image_1263.jpg,711348.76
image_1264.jpg,82884.0
image_1265.jpg,513991.51
image_1266.jpg,1291117.32
image_1267.jpg,1423794.17
image_1268.jpg,233560.9
image_1269.jpg,719130.7
image_1270.jpg,275643.94
image_1271.jpg,177405.6
image_1272.jpg,1280404.87
image_1273.jpg,2222111.89
image_1274.jpg,1309092.94
image_1275.jpg,32894.74
image_1276.jpg,1203627.49
image_1277.jpg,140485.41
image_1278.jpg,1557523.32
image_1279.jpg,2839600.53
image_1280.jpg,24252250.23
image_1281.jpg,3998108.81
image_1282.jpg,79136.15
image_1283.jpg,994223.84
image_1284.jpg,1155776.95
image_1285.jpg,259752.02
image_1286.jpg,69439.61
image_1287.jpg,51150.9
image_1288.jpg,223006.1
image_1289.jpg,8274049.02
image_1290.jpg,826649.08
image_1291.jpg,6433328.26
image_1292.jpg,37507.66
image_1293.jpg,11842988.26
image_1294.jpg,189393.31
image_1295.jpg,22794171.7
image_1296.jpg,72361.39
image_1297.jpg,38757557.15
image_1298.jpg,3919083.11
image_1299.jpg,71596.31
image_1300.jpg,663816.9
image_1301.jpg,456084.41
image_1302.jpg,265674.1
image_1303.jpg,3737.12
image_1304.jpg,795880.44
image_1305.jpg,4899244.44
image_1306.jpg,33721.8
image_1307.jpg,327072.02
image_1308.jpg,16007.12
image_1309.jpg,2093282.07
image_1310.jpg,808387.87
image_1311.jpg,27344349.26
image_1312.jpg,1647007.82
image_1313.jpg,1215383.1
image_1314.jpg,11002.86
image_1315.jpg,5098163.13
image_1316.jpg,236424.39
image_1317.jpg,5314142.11
image_1318.jpg,11155096.58
image_1319.jpg,49036.8
image_1320.jpg,1215391.31
image_1321.jpg,104618.93
image_1322.jpg,4264782.32
image_1323.jpg,87289.81
image_1324.jpg,12794633.9
image_1325.jpg,5904.88
image_1326.jpg,6750966.73
image_1327.jpg,27361451.06
image_1328.jpg,5608635.91
image_1329.jpg,4294074.44
image_1330.jpg,6042000.44
image_1331.jpg,738106.96
image_1332.jpg,936314.17
image_1333.jpg,498494.21
image_1334.jpg,8370568.86
image_1335.jpg,17681692.49
image_1336.jpg,25088.34
image_1337.jpg,408902.59
image_1338.jpg,30726975.01
image_1339.jpg,252603.42
image_1340.jpg,2814621.18
image_1341.jpg,11150643.09
image_1342.jpg,851615.95
image_1343.jpg,2071113.94
image_1344.jpg,382074.94
image_1345.jpg,2086327.28
image_1346.jpg,564743.46
image_1347.jpg,499907.31
image_1348.jpg,190273.47
image_1349.jpg,88803.11
image_1350.jpg,1151924.42
image_1351.jpg,443052.45
image_1352.jpg,8669822.51
image_1353.jpg,2316987.48
image_1354.jpg,5391.83
image_1355.jpg,4378987.93
image_1356.jpg,163391.74
image_1357.jpg,22472.58
image_1358.jpg,2715033.65
image_1359.jpg,13462630.86
image_1360.jpg,8574350.12
